IID,high_exposure,gxe_quantitative_trait,gxe_case_status
ID0001,0,-0.987159,0
ID0002,0,-0.455098,0
ID0003,0,-0.825974,0
ID0004,1,1.337386,1
ID0005,1,2.655425,1
ID0006,1,-0.246239,1
ID0007,1,-0.425985,1
ID0008,0,-0.285152,1
ID0009,0,1.376790,0
ID0010,0,0.573134,0
ID0011,1,-1.128856,0
ID0012,0,-1.386353,0
ID0013,1,0.099591,0
ID0014,1,0.477317,1
ID0015,1,1.185475,1
ID0016,0,-0.987073,1
ID0017,0,-0.970240,0
ID0018,0,0.212000,0
ID0019,0,0.044586,0
ID0020,1,0.989540,1
ID0021,1,-0.431543,0
ID0022,1,-0.087743,1
ID0023,1,0.121680,1
ID0024,0,-0.823374,1
ID0025,0,-1.038652,0
ID0026,0,-0.356354,0
ID0027,0,0.629416,0
ID0028,0,-0.549342,0
ID0029,0,-0.195735,0
ID0030,1,0.654270,0
ID0031,1,0.232676,1
ID0032,0,0.616998,1
ID0033,0,0.575296,0
ID0034,0,1.229195,0
ID0035,0,0.854323,0
ID0036,0,-0.745928,0
ID0037,1,1.140571,0
ID0038,1,0.248542,1
ID0039,1,-0.657162,0
ID0040,0,-0.087307,1
ID0041,0,1.100550,1
ID0042,0,-0.112335,0
ID0043,0,0.731367,0
ID0044,0,0.416584,0
ID0045,0,-2.361837,0
ID0046,1,-0.333761,1
ID0047,1,0.483160,1
ID0048,1,0.309395,1
ID0049,1,1.208920,1
ID0050,0,0.460868,0
ID0051,0,-1.569372,0
ID0052,1,-0.241225,0
ID0053,1,0.193652,0
ID0054,1,0.015467,0
ID0055,1,0.331982,0
ID0056,1,-0.731043,1
ID0057,1,1.192457,1
ID0058,0,-0.638531,1
ID0059,0,-1.480390,0
ID0060,0,-0.728778,0
ID0061,0,-2.247580,0
ID0062,1,1.778207,1
ID0063,1,0.013718,1
ID0064,1,-0.820190,1
ID0065,1,1.323989,1
ID0066,0,0.860723,1
ID0067,0,0.778888,0
ID0068,0,0.906349,0
ID0069,0,-0.539287,0
ID0070,1,-0.435761,0
ID0071,1,1.032742,1
ID0072,1,1.558502,1
ID0073,1,1.048350,1
ID0074,0,1.760463,1
ID0075,0,0.360540,0
ID0076,0,0.053317,0
ID0077,0,-0.539809,0
ID0078,0,-1.565804,0
ID0079,1,2.606840,1
ID0080,1,0.305738,1
ID0081,1,0.093151,1
ID0082,0,1.294891,1
ID0083,0,0.183485,1
ID0084,0,0.908577,0
ID0085,0,-1.915185,0
ID0086,1,1.094440,0
ID0087,0,-1.580762,0
ID0088,1,0.519241,0
ID0089,1,-0.242598,1
ID0090,0,1.676360,1
ID0091,0,0.109222,1
ID0092,0,0.962309,0
ID0093,0,0.086449,0
ID0094,1,-0.219390,0
ID0095,0,-0.735399,0
ID0096,1,-1.200588,0
ID0097,1,-0.108529,0
ID0098,1,0.973004,1
ID0099,1,2.612719,1
ID0100,0,0.792876,0
ID0101,0,0.868558,0
ID0102,1,1.560888,0
ID0103,1,-1.321869,0
ID0104,1,-0.032814,1
ID0105,1,1.080819,1
ID0106,1,0.784161,1
ID0107,0,-0.425482,1
ID0108,0,-0.304572,0
ID0109,0,0.352067,0
ID0110,0,1.441853,0
ID0111,1,-0.362360,0
ID0112,1,-0.803825,0
ID0113,1,0.375878,1
ID0114,1,-0.917482,1
ID0115,0,0.458083,1
ID0116,0,1.300748,1
ID0117,0,-0.894837,0
ID0118,0,1.273648,0
ID0119,0,-1.574362,0
ID0120,1,-1.290144,0
ID0121,1,0.054911,1
ID0122,1,1.912044,1
ID0123,1,1.148642,1
ID0124,0,-2.093467,1
ID0125,0,-0.436964,0
ID0126,0,-0.911245,0
ID0127,0,-0.428342,0
ID0128,1,-0.176960,0
ID0129,1,0.770559,1
ID0130,1,-0.091238,0
ID0131,1,0.243756,1
ID0132,0,0.304544,1
ID0133,0,-1.406223,0
ID0134,0,-0.242639,0
ID0135,1,-0.814167,1
ID0136,0,-2.005318,0
ID0137,1,-0.409595,0
ID0138,1,0.255244,1
ID0139,1,-1.654218,1
ID0140,0,-0.545469,1
ID0141,0,1.669704,0
ID0142,0,-0.277622,0
ID0143,0,1.141777,0
ID0144,0,0.652713,0
ID0145,0,-1.694436,0
ID0146,1,-1.440798,1
ID0147,1,0.443548,1
ID0148,1,0.617854,1
ID0149,0,-0.105638,1
ID0150,0,2.293099,0
ID0151,0,-1.512973,0
ID0152,0,-0.058940,0
ID0153,1,0.736245,0
ID0154,1,-0.022771,0
ID0155,1,1.404766,1
ID0156,1,2.675983,1
ID0157,0,1.771686,1
ID0158,0,-0.516309,0
ID0159,0,0.078572,0
ID0160,0,0.598810,0
ID0161,1,-0.337090,0
ID0162,1,-0.379819,0
ID0163,1,0.150050,1
ID0164,1,1.350489,1
ID0165,0,1.234959,1
ID0166,0,-0.917475,1
ID0167,0,-0.643179,0
ID0168,0,-0.498074,0
ID0169,0,0.149361,0
ID0170,1,-0.386903,0
ID0171,1,1.482888,0
ID0172,1,2.085094,1
ID0173,1,1.692488,1
ID0174,0,-0.186187,1
ID0175,0,0.763836,0
ID0176,0,1.044879,0
ID0177,0,-1.869907,0
ID0178,1,-0.631057,0
ID0179,1,0.075013,1
ID0180,1,2.276824,0
ID0181,1,3.762624,1
ID0182,0,1.941571,1
ID0183,0,-1.076803,0
ID0184,0,-0.362832,0
ID0185,0,-1.163842,0
ID0186,1,0.500382,0
ID0187,0,-2.438676,0
ID0188,1,-0.895503,0
ID0189,1,0.729514,1
ID0190,0,0.691997,1
ID0191,0,-0.329000,0
ID0192,0,-1.349557,0
ID0193,0,-1.109661,0
ID0194,0,-0.323977,0
ID0195,1,-1.468694,0
ID0196,1,-0.139996,0
ID0197,1,-1.216276,0
ID0198,1,0.791924,1
ID0199,0,1.134916,1
ID0200,0,1.162797,0
ID0201,0,-1.254475,0
ID0202,1,-0.230568,0
ID0203,1,-2.048656,0
ID0204,1,-0.402626,0
ID0205,1,1.100091,1
ID0206,1,1.264630,1
ID0207,0,-1.804702,1
ID0208,0,0.214944,0
ID0209,0,0.822767,0
ID0210,0,-0.472904,0
ID0211,1,0.048146,0
ID0212,1,0.367856,1
ID0213,1,1.744762,1
ID0214,1,1.494206,1
ID0215,0,0.864329,1
ID0216,0,0.866456,0
ID0217,0,1.073038,0
ID0218,0,-0.975453,0
ID0219,1,0.891367,0
ID0220,1,0.728888,0
ID0221,1,0.778758,0
ID0222,1,3.444651,1
ID0223,0,1.197395,1
ID0224,0,0.467994,0
ID0225,0,0.245312,0
ID0226,0,-0.403440,0
ID0227,0,-0.403433,0
ID0228,1,2.272616,0
ID0229,1,-1.509911,0
ID0230,1,1.040988,0
ID0231,0,-0.840479,1
ID0232,0,1.329200,0
ID0233,0,0.706695,0
ID0234,0,-0.323887,0
ID0235,0,-1.153664,0
ID0236,1,0.872396,0
ID0237,1,0.302569,0
ID0238,1,1.638990,1
ID0239,1,1.382180,1
ID0240,0,-1.190710,1
ID0241,0,-0.867492,0
ID0242,0,0.792729,0
ID0243,1,1.711296,0
ID0244,1,0.781109,1
ID0245,1,1.320884,0
ID0246,1,0.372222,0
ID0247,1,0.308118,0
ID0248,1,1.474083,1
ID0249,0,0.122891,1
ID0250,0,1.196469,0
ID0251,0,-0.666532,0
ID0252,0,-1.917019,0
ID0253,0,-0.088361,0
ID0254,1,-0.131263,1
ID0255,1,0.264498,1
ID0256,1,1.468975,1
ID0257,0,0.638002,1
ID0258,0,0.672074,0
ID0259,0,0.104570,0
ID0260,0,0.586212,0
ID0261,1,1.044780,0
ID0262,1,0.163546,0
ID0263,1,0.771085,0
ID0264,1,0.689581,1
ID0265,0,-0.988140,1
ID0266,0,-0.505368,0
ID0267,0,-1.036485,0
ID0268,0,-0.376564,0
ID0269,0,-0.456870,0
ID0270,1,1.311697,0
ID0271,1,-0.764208,0
ID0272,1,2.126337,1
ID0273,0,1.789465,1
ID0274,0,0.452350,0
ID0275,0,1.635016,0
ID0276,0,0.754968,0
ID0277,0,-1.759776,0
ID0278,1,0.314835,0
ID0279,1,-1.283094,1
ID0280,1,0.974969,0
ID0281,0,1.489684,1
ID0282,0,1.218656,0
ID0283,0,0.128575,0
ID0284,0,-0.489537,0
ID0285,0,-0.595833,0
ID0286,0,-1.464474,0
ID0287,1,-0.423915,1
ID0288,1,0.502265,0
ID0289,1,0.940371,0
ID0290,0,-0.706809,1
ID0291,0,-1.530008,0
ID0292,0,0.938042,0
ID0293,0,0.590082,0
ID0294,0,0.827767,0
ID0295,0,-1.376129,0
ID0296,1,1.121632,0
ID0297,1,-0.371571,1
ID0298,1,1.322289,1
ID0299,0,-0.188643,1
ID0300,0,-1.216833,0
ID0301,0,-2.321945,0
ID0302,1,1.878593,1
ID0303,1,-1.087829,0
ID0304,1,1.423059,1
ID0305,1,1.330326,1
ID0306,0,2.336196,1
ID0307,0,2.715592,0
ID0308,0,-0.109870,0
ID0309,0,-0.320409,0
ID0310,0,-1.023796,0
ID0311,1,0.786404,1
ID0312,1,-0.413379,0
ID0313,1,0.977774,0
ID0314,0,1.844074,1
ID0315,0,-1.836687,1
ID0316,0,-0.001731,0
ID0317,0,0.557958,0
ID0318,0,-2.031270,0
ID0319,1,-0.105635,0
ID0320,1,-1.715660,0
ID0321,1,0.758171,1
ID0322,0,1.019398,1
ID0323,0,0.051896,1
ID0324,0,1.568311,0
ID0325,0,1.844402,0
ID0326,0,-1.444527,0
ID0327,1,0.454639,0
ID0328,1,0.303513,0
ID0329,1,-1.080812,1
ID0330,1,2.103097,1
ID0331,0,1.809068,1
ID0332,0,-1.230186,0
ID0333,0,-0.115466,0
ID0334,0,-0.462521,0
ID0335,0,0.701366,0
ID0336,1,0.277532,0
ID0337,1,-1.606341,0
ID0338,1,0.406656,1
ID0339,1,0.237362,1
ID0340,0,1.793947,0
ID0341,0,-1.596363,0
ID0342,0,0.260425,0
ID0343,1,-0.662809,0
ID0344,1,-0.200968,0
ID0345,1,1.025869,0
ID0346,1,1.780345,1
ID0347,1,1.635576,1
ID0348,0,-0.410892,1
ID0349,0,-0.671811,0
ID0350,0,-1.356902,0
ID0351,0,-1.881989,0
ID0352,0,-2.077077,0
ID0353,1,-0.938263,1
ID0354,1,1.295512,1
ID0355,1,1.675203,1
ID0356,0,2.045381,1
ID0357,0,-0.267991,0
ID0358,0,-0.412872,0
ID0359,0,-2.067897,0
ID0360,0,-1.146178,0
ID0361,1,0.109632,0
ID0362,1,-0.282210,0
ID0363,1,3.747982,1
ID0364,0,0.194523,1
ID0365,0,-0.539096,1
ID0366,0,0.202747,0
ID0367,0,-0.424218,0
ID0368,0,-0.844049,0
ID0369,1,0.576367,0
ID0370,1,1.591816,1
ID0371,1,0.865216,0
ID0372,0,1.008228,1
ID0373,0,2.059953,1
ID0374,0,0.276065,0
ID0375,0,1.032439,0
ID0376,1,2.085692,1
ID0377,0,0.890383,0
ID0378,1,-0.423609,0
ID0379,1,0.216749,1
ID0380,1,2.543119,1
ID0381,0,0.487427,1
ID0382,0,2.770716,0
ID0383,0,0.514206,0
ID0384,0,-0.197922,0
ID0385,1,0.579344,0
ID0386,0,-1.811562,0
ID0387,1,-1.919106,0
ID0388,1,2.100819,0
ID0389,1,2.574499,1
ID0390,0,0.546127,0
ID0391,0,-1.610236,0
ID0392,0,0.223678,0
ID0393,0,-0.787152,0
ID0394,1,-1.267154,0
ID0395,1,-1.209524,1
ID0396,1,0.484520,0
ID0397,1,1.747696,0
ID0398,0,-0.225830,1
ID0399,0,0.219231,0
ID0400,1,0.249188,0
ID0401,1,-0.295686,0
ID0402,1,0.265381,0
ID0403,1,0.178374,0
ID0404,1,-0.173733,1
ID0405,1,3.421511,1
ID0406,0,-0.354965,1
ID0407,0,-0.620939,0
ID0408,0,-1.426465,0
ID0409,0,0.362671,0
ID0410,1,0.908607,0
ID0411,1,0.650722,0
ID0412,1,1.871112,1
ID0413,1,1.919242,1
ID0414,0,2.727860,1
ID0415,0,0.641726,0
ID0416,0,0.936677,0
ID0417,0,-1.766607,0
ID0418,1,-0.193004,0
ID0419,1,0.227905,0
ID0420,1,1.679663,1
ID0421,1,1.494438,1
ID0422,0,-0.333247,1
ID0423,0,1.159036,0
ID0424,0,0.436014,0
ID0425,0,0.738507,0
ID0426,1,0.224308,0
ID0427,1,0.476919,1
ID0428,1,-1.346662,0
ID0429,1,1.242100,1
ID0430,0,-1.065414,1
ID0431,0,2.220858,0
ID0432,0,-0.486814,0
ID0433,0,-1.074519,0
ID0434,0,-0.498730,0
ID0435,1,0.464763,0
ID0436,1,1.741409,1
ID0437,1,0.694705,0
ID0438,1,2.747854,0
ID0439,0,0.898680,1
ID0440,0,1.470626,0
ID0441,0,-0.509524,0
ID0442,0,-1.167466,0
ID0443,1,0.735816,0
ID0444,1,-0.690516,1
ID0445,1,0.441591,0
ID0446,1,1.506358,1
ID0447,0,1.777283,1
ID0448,0,0.538213,1
ID0449,0,-0.199650,0
ID0450,0,-1.121678,0
ID0451,1,0.812416,1
ID0452,1,-2.020747,0
ID0453,1,1.573777,0
ID0454,1,1.441943,1
ID0455,1,0.936404,1
ID0456,0,0.358695,1
ID0457,0,-0.351543,0
ID0458,0,-0.264297,0
ID0459,0,-1.638096,0
ID0460,1,-0.598126,0
ID0461,1,1.148790,1
ID0462,1,-0.423730,1
ID0463,1,-0.193783,1
ID0464,0,-0.702726,1
ID0465,0,0.702984,0
ID0466,0,-0.296390,0
ID0467,0,-0.018762,0
ID0468,0,-0.383669,0
ID0469,0,-1.226288,0
ID0470,1,0.304446,0
ID0471,1,1.498898,1
ID0472,0,0.888533,1
ID0473,0,2.288235,0
ID0474,0,-0.302649,0
ID0475,0,1.425288,0
ID0476,0,-0.747850,0
ID0477,1,-0.223532,0
ID0478,1,-0.351211,0
ID0479,1,1.633527,1
ID0480,0,1.785334,1
ID0481,0,1.139891,0
ID0482,0,-1.175623,0
ID0483,0,-0.347333,0
ID0484,0,-0.786980,0
ID0485,0,-1.133799,0
ID0486,1,0.660014,1
ID0487,1,0.132673,1
ID0488,1,1.487991,1
ID0489,0,-0.052126,1
ID0490,0,0.429437,0
ID0491,0,0.568861,0
ID0492,1,0.397638,0
ID0493,0,-0.897391,0
ID0494,1,-1.152338,1
ID0495,1,0.218083,1
ID0496,1,0.862834,1
ID0497,1,1.106972,1
ID0498,0,0.020229,1
ID0499,0,-0.145573,0
ID0500,0,-1.586195,0
ID0501,1,-0.067112,0
ID0502,1,0.347403,1
ID0503,1,0.882358,0
ID0504,1,0.295029,1
ID0505,0,-0.162447,1
ID0506,0,-0.066656,0
ID0507,0,0.872990,0
ID0508,0,0.086448,0
ID0509,0,-0.022945,0
ID0510,1,-0.947062,0
ID0511,1,0.771171,1
ID0512,1,0.099819,1
ID0513,0,3.410536,1
ID0514,0,-1.718723,0
ID0515,0,-0.374232,0
ID0516,0,-0.712802,0
ID0517,0,0.083226,0
ID0518,1,-0.127233,1
ID0519,1,-0.935376,0
ID0520,1,-0.088250,1
ID0521,0,0.693155,1
ID0522,0,-0.476698,1
ID0523,0,0.872334,0
ID0524,0,0.876887,0
ID0525,0,-1.049362,0
ID0526,0,-2.258294,0
ID0527,1,0.642995,0
ID0528,1,2.052529,1
ID0529,1,0.705533,1
ID0530,0,-0.234319,1
ID0531,0,0.559418,0
ID0532,0,1.432024,0
ID0533,0,-0.619365,0
ID0534,1,1.890336,1
ID0535,1,-0.324816,1
ID0536,1,-1.267285,0
ID0537,1,1.180489,1
ID0538,1,-0.168058,1
ID0539,0,0.354516,1
ID0540,0,0.676012,0
ID0541,0,2.206851,0
ID0542,0,-0.755723,0
ID0543,1,-0.890206,0
ID0544,1,-1.151576,1
ID0545,1,1.400786,1
ID0546,1,1.826966,1
ID0547,0,0.123264,1
ID0548,0,0.294467,0
ID0549,0,0.946640,0
ID0550,0,-0.336030,0
ID0551,1,1.048880,0
ID0552,1,-0.907863,0
ID0553,1,1.325718,1
ID0554,1,1.270503,1
ID0555,0,-0.099613,1
ID0556,0,1.181126,0
ID0557,0,-0.603375,0
ID0558,0,-0.922459,0
ID0559,0,-1.738502,0
ID0560,0,-1.333328,0
ID0561,1,-0.058546,1
ID0562,1,0.939432,1
ID0563,0,1.461494,1
ID0564,0,1.416328,0
ID0565,0,0.621077,0
ID0566,0,0.644889,0
ID0567,0,-0.566014,0
ID0568,1,-0.959577,0
ID0569,1,-1.134013,0
ID0570,1,0.439639,1
ID0571,0,1.710238,1
ID0572,0,0.878070,1
ID0573,0,0.999456,0
ID0574,0,-0.067394,0
ID0575,0,-1.265110,0
ID0576,0,0.318208,0
ID0577,1,2.067849,1
ID0578,1,1.079299,1
ID0579,1,1.769451,1
ID0580,0,0.280922,1
ID0581,0,-0.621200,0
ID0582,0,-0.661349,0
ID0583,1,1.195413,0
ID0584,0,-1.355336,0
ID0585,1,-0.297801,0
ID0586,1,0.940563,1
ID0587,1,-0.210375,1
ID0588,1,1.496563,1
ID0589,0,1.431453,1
ID0590,0,0.064099,0
ID0591,0,0.271043,0
ID0592,0,-2.157746,0
ID0593,1,-0.445216,0
ID0594,1,-0.922632,1
ID0595,1,-0.131913,1
ID0596,1,1.385647,1
ID0597,0,0.422760,1
ID0598,0,0.616845,0
ID0599,0,0.980616,0
ID0600,1,1.895196,1
ID0601,1,-0.441979,0
ID0602,1,0.005097,1
ID0603,1,0.580023,1
ID0604,0,1.125901,1
ID0605,0,1.279718,1
ID0606,0,-1.182223,0
ID0607,0,-0.450549,0
ID0608,0,0.231834,0
ID0609,1,-0.371614,1
ID0610,1,0.549013,0
ID0611,1,1.213137,1
ID0612,1,1.414545,1
ID0613,0,-1.335446,1
ID0614,0,-0.617272,0
ID0615,0,2.346706,0
ID0616,0,-1.250726,0
ID0617,0,-1.949603,0
ID0618,1,0.672784,0
ID0619,1,-2.044494,0
ID0620,1,1.301898,1
ID0621,0,0.802587,1
ID0622,0,-1.022799,0
ID0623,0,-0.006109,0
ID0624,0,1.454814,0
ID0625,0,-1.303816,0
ID0626,1,0.173812,1
ID0627,1,0.567007,0
ID0628,1,-0.659982,0
ID0629,1,2.155887,1
ID0630,0,-0.843899,0
ID0631,0,1.643633,0
ID0632,0,-1.232922,0
ID0633,1,1.310248,1
ID0634,1,2.330400,1
ID0635,1,-0.350523,1
ID0636,1,-0.853415,1
ID0637,1,0.298340,1
ID0638,0,1.612200,1
ID0639,0,0.874890,0
ID0640,0,0.179446,0
ID0641,0,0.674765,0
ID0642,1,-1.841876,0
ID0643,0,-1.366332,0
ID0644,1,1.441310,1
ID0645,1,1.033454,0
ID0646,0,1.724876,1
ID0647,0,0.579528,1
ID0648,0,-0.520188,0
DUP01,1,-0.722911,1
DUP02,1,-0.723674,1
